code,system
Eu43100,readv2
Eu43300,readv2
Eu43500,readv2
Eu40212,readv2
E28z.12,readv2
E202000,readv2
E202z98,readv2
Eu40299,readv2
Z481.00,readv2
E202z99,readv2
Eu40200,readv2
Eu40211,readv2
Eu40300,readv2
E202300,readv2
Eu40z11,readv2
Eu40100,readv2
E202400,readv2
E202600,readv2
E202500,readv2
Eu40214,readv2
225J.00,readv2
Eu41011,readv2
E202100,readv2
1B1V.00,readv2
E200111,readv2
E202200,readv2
Z4L1.00,readv2
E203100,readv2
Eu05400,readv2
E20z.00,readv2
E200500,readv2
E200200,readv2
Eu41y11,readv2
Eu43013,readv2
Eu41100,readv2
Eu42z00,readv2
E203000,readv2
E203.00,readv2
Eu42y00,readv2
Eu42.12,readv2
Eu42.00,readv2
Z522600,readv2
E203z00,readv2
E202800,readv2
Eu40213,readv2
Eu41111,readv2
E203.11,readv2
Eu40112,readv2
E202.12,readv2
8G52.00,readv2
E202.00,readv2
E202z00,readv2
Eu40.00,readv2
Eu41z00,readv2
Eu41y00,readv2
Eu40z00,readv2
E202299,readv2
Eu40012,readv2
E202199,readv2
Eu40000,readv2
Eu40011,readv2
8G94.00,readv2
8CAZ000,readv2
Eu40y00,readv2
Eu41.00,readv2
E202.11,readv2
E202.99,readv2
Eu41012,readv2
Eu40z12,readv2
Eu40111,readv2
E200100,readv2
Eu41000,readv2
E200400,readv2
E29y199,readv2
Eu43400,readv2
E200300,readv2
Eu41211,readv2
Eu34114,readv2
8HHp.00,readv2
8IH5300,readv2
Eu41300,readv2
Eu41200,readv2
Eu93200,readv2
Eu93y12,readv2
Eu93100,readv2
Eu93000,readv2
Eu42000,readv2
Eu42200,readv2